{
  "dependencies": {
    "appInsights2": {
      "resourceId": "/subscriptions/[parameters('subscriptionId')]/resourceGroups/[parameters('resourceGroupName')]/providers/microsoft.insights/components/jobresumeupload-func",
      "type": "appInsights.azure",
      "connectionId": "APPLICATIONINSIGHTS_CONNECTION_STRING",
      "dynamicId": null
    },
    "storage1": {
      "resourceId": "/subscriptions/[parameters('subscriptionId')]/resourceGroups/[parameters('resourceGroupName')]/providers/Microsoft.Storage/storageAccounts/storagev2p1",
      "type": "storage.azure",
      "connectionId": "AzureWebJobsStorage"
    }
  }
}